URL,EXTRACTED VALUE
"/media/Dados/bases/SWDE/book/book-barnesandnoble/0878.htm","Hartford, Connecticut"
"/media/Dados/bases/SWDE/book/book-barnesandnoble/1411.htm","Kyoto, Japan"
"/media/Dados/bases/SWDE/book/book-barnesandnoble/0768.htm","Yakima, Washington"
"/media/Dados/bases/SWDE/book/book-barnesandnoble/1716.htm",Illinois
"/media/Dados/bases/SWDE/book/book-barnesandnoble/0942.htm","Dalkey, a small village outside Dublin, Ireland"
"/media/Dados/bases/SWDE/book/book-barnesandnoble/1342.htm","September 06, 2007"
"/media/Dados/bases/SWDE/book/book-barnesandnoble/1940.htm","Richmond, VIrginia"
"/media/Dados/bases/SWDE/book/book-barnesandnoble/1925.htm","B.A., Gallatin School of Individualized Study, NYU (McLaughlin, 1996; Kraus, 1995)"
"/media/Dados/bases/SWDE/book/book-barnesandnoble/0593.htm","Philadelphia, Pennsylvania"
"/media/Dados/bases/SWDE/book/book-barnesandnoble/0704.htm","Omaha, Nebraska"
"/media/Dados/bases/SWDE/book/book-barnesandnoble/0673.htm","Chicago, Illinois"
"/media/Dados/bases/SWDE/book/book-barnesandnoble/1081.htm","Orange, New Jersey"
"/media/Dados/bases/SWDE/book/book-barnesandnoble/0222.htm","Omaha, Nebraska"
"/media/Dados/bases/SWDE/book/book-barnesandnoble/0015.htm","January 11, 1952"
"/media/Dados/bases/SWDE/book/book-barnesandnoble/1247.htm","De Ridder, Louisiana"
"/media/Dados/bases/SWDE/book/book-barnesandnoble/1127.htm","Milwaukee, Wisconsin"
"/media/Dados/bases/SWDE/book/book-barnesandnoble/0247.htm","November 09, 2004"
"/media/Dados/bases/SWDE/book/book-barnesandnoble/1846.htm","Bloemfontein, South Africa"
"/media/Dados/bases/SWDE/book/book-barnesandnoble/1079.htm","Newark, New Jersey"
"/media/Dados/bases/SWDE/book/book-barnesandnoble/0978.htm","Daresbury, Cheshire, England"
"/media/Dados/bases/SWDE/book/book-barnesandnoble/0542.htm","Mt. Holly, New Jersey"
"/media/Dados/bases/SWDE/book/book-barnesandnoble/0259.htm","September 29, 1927"
"/media/Dados/bases/SWDE/book/book-barnesandnoble/0331.htm","Omaha, Nebraska"
"/media/Dados/bases/SWDE/book/book-barnesandnoble/0810.htm","Cambridge, Massachusetts; Margret died in 1996, H.A. in 1977"
"/media/Dados/bases/SWDE/book/book-barnesandnoble/1012.htm",1950
"/media/Dados/bases/SWDE/book/book-barnesandnoble/1281.htm","Exeter, New Hampshire"
"/media/Dados/bases/SWDE/book/book-barnesandnoble/0690.htm","July 31, 1965"
"/media/Dados/bases/SWDE/book/book-barnesandnoble/1386.htm","Springfield, Massachusetts"
"/media/Dados/bases/SWDE/book/book-barnesandnoble/0433.htm","July 09, 1945"
"/media/Dados/bases/SWDE/book/book-barnesandnoble/0945.htm","December 12, 1969"
"/media/Dados/bases/SWDE/book/book-barnesandnoble/1194.htm","Tunica, Mississippi"
"/media/Dados/bases/SWDE/book/book-barnesandnoble/1416.htm","Brooklyn, New York"
"/media/Dados/bases/SWDE/book/book-barnesandnoble/0547.htm","Liverpool, England"
"/media/Dados/bases/SWDE/book/book-barnesandnoble/0524.htm","February 19, 1963"
"/media/Dados/bases/SWDE/book/book-barnesandnoble/0044.htm","England, U.K."
"/media/Dados/bases/SWDE/book/book-barnesandnoble/0479.htm","Portsmouth, England"
"/media/Dados/bases/SWDE/book/book-barnesandnoble/1104.htm","B.A. in English, University of Florida at Gainesville, 1987"
"/media/Dados/bases/SWDE/book/book-barnesandnoble/1637.htm","October 04, 1941"
"/media/Dados/bases/SWDE/book/book-barnesandnoble/0710.htm","Newburgh, New York"
"/media/Dados/bases/SWDE/book/book-barnesandnoble/0150.htm","Belfast, Nothern Ireland"
"/media/Dados/bases/SWDE/book/book-barnesandnoble/1486.htm","Wellington, New South Wales, Australia"
"/media/Dados/bases/SWDE/book/book-barnesandnoble/1341.htm","Palo Alto, California"
"/media/Dados/bases/SWDE/book/book-barnesandnoble/1327.htm","January 11, 1952"
"/media/Dados/bases/SWDE/book/book-barnesandnoble/1652.htm","Hartford, CT"
"/media/Dados/bases/SWDE/book/book-barnesandnoble/0395.htm","Bloomington, Indiana"
"/media/Dados/bases/SWDE/book/book-barnesandnoble/0285.htm","Edinburgh, Scotland"
"/media/Dados/bases/SWDE/book/book-barnesandnoble/0197.htm","Newburgh, New York"
"/media/Dados/bases/SWDE/book/book-barnesandnoble/0604.htm","July 31, 1965"
"/media/Dados/bases/SWDE/book/book-barnesandnoble/0972.htm","St. Paul, Minnesota"
"/media/Dados/bases/SWDE/book/book-barnesandnoble/0065.htm","Belfast, Nothern Ireland"
"/media/Dados/bases/SWDE/book/book-barnesandnoble/1077.htm",Attended Boston University
"/media/Dados/bases/SWDE/book/book-barnesandnoble/0199.htm","Newburgh, New York"
"/media/Dados/bases/SWDE/book/book-barnesandnoble/0742.htm","March 02, 1942"
"/media/Dados/bases/SWDE/book/book-barnesandnoble/0248.htm","Chicago, Illinois"
"/media/Dados/bases/SWDE/book/book-barnesandnoble/1394.htm","Springfield, Massachusetts"
"/media/Dados/bases/SWDE/book/book-barnesandnoble/0446.htm","Savannah, Georgia"
"/media/Dados/bases/SWDE/book/book-barnesandnoble/0779.htm","Daresbury, Cheshire, England"
"/media/Dados/bases/SWDE/book/book-barnesandnoble/0102.htm","B.A. in Government, American University, 1965; New York University School of Law, 1970"
"/media/Dados/bases/SWDE/book/book-barnesandnoble/0332.htm","August 05, 1912"
"/media/Dados/bases/SWDE/book/book-barnesandnoble/1586.htm","February 23, 1944"
"/media/Dados/bases/SWDE/book/book-barnesandnoble/0170.htm","B.A., Mount Holyoke College, 1978"
"/media/Dados/bases/SWDE/book/book-barnesandnoble/0537.htm","Minneapolis, Minnesota"
"/media/Dados/bases/SWDE/book/book-barnesandnoble/0366.htm","Yakima, Washington"
"/media/Dados/bases/SWDE/book/book-barnesandnoble/0797.htm","Chicago, Illinois"
"/media/Dados/bases/SWDE/book/book-barnesandnoble/0974.htm","Philadelphia, Pennsylvania"
"/media/Dados/bases/SWDE/book/book-barnesandnoble/1673.htm","November 25, 1946"
"/media/Dados/bases/SWDE/book/book-barnesandnoble/0808.htm","London, England"
"/media/Dados/bases/SWDE/book/book-barnesandnoble/0078.htm","Passaic, New Jersey"
"/media/Dados/bases/SWDE/book/book-barnesandnoble/0368.htm","Cleveland, Ohio"
"/media/Dados/bases/SWDE/book/book-barnesandnoble/0302.htm","Pittsburgh, Pennsylvania"
"/media/Dados/bases/SWDE/book/book-barnesandnoble/0049.htm","April 11, 2007"
"/media/Dados/bases/SWDE/book/book-barnesandnoble/0225.htm","Hartford, Connecticut"
"/media/Dados/bases/SWDE/book/book-barnesandnoble/0568.htm","March 06, 1928"
"/media/Dados/bases/SWDE/book/book-barnesandnoble/0198.htm","Newark, New Jersey"
"/media/Dados/bases/SWDE/book/book-barnesandnoble/0805.htm","Newburgh, New York"
"/media/Dados/bases/SWDE/book/book-barnesandnoble/1705.htm","April 12, 1916"
"/media/Dados/bases/SWDE/book/book-barnesandnoble/1633.htm",Zimbabwe
"/media/Dados/bases/SWDE/book/book-barnesandnoble/0522.htm","Tunica, Mississippi"
"/media/Dados/bases/SWDE/book/book-barnesandnoble/1533.htm","Newburgh, New York"
"/media/Dados/bases/SWDE/book/book-barnesandnoble/0940.htm",1950
"/media/Dados/bases/SWDE/book/book-barnesandnoble/0462.htm","March 13, 1953"
"/media/Dados/bases/SWDE/book/book-barnesandnoble/0668.htm","Racine, Wisconsin"
"/media/Dados/bases/SWDE/book/book-barnesandnoble/1931.htm","Tunica, Mississippi"
"/media/Dados/bases/SWDE/book/book-barnesandnoble/1603.htm","April 21, 1960"
"/media/Dados/bases/SWDE/book/book-barnesandnoble/0450.htm","July 31, 1965"
"/media/Dados/bases/SWDE/book/book-barnesandnoble/1598.htm","Jonesboro, Arkansas"
"/media/Dados/bases/SWDE/book/book-barnesandnoble/1606.htm","January 06, 1931"
"/media/Dados/bases/SWDE/book/book-barnesandnoble/0400.htm","Richmond, VIrginia"
"/media/Dados/bases/SWDE/book/book-barnesandnoble/0755.htm","Chicago, Illinois"
"/media/Dados/bases/SWDE/book/book-barnesandnoble/1929.htm","Edinburgh, Scotland"
"/media/Dados/bases/SWDE/book/book-barnesandnoble/0951.htm","St. Paul, Minnesota"
"/media/Dados/bases/SWDE/book/book-barnesandnoble/0607.htm","Springfield, Massachusetts"
"/media/Dados/bases/SWDE/book/book-barnesandnoble/1288.htm","Fort Sill, Oklahoma"
"/media/Dados/bases/SWDE/book/book-barnesandnoble/0875.htm","April 22, 1943"
"/media/Dados/bases/SWDE/book/book-barnesandnoble/1337.htm","Belfast, Nothern Ireland"
"/media/Dados/bases/SWDE/book/book-barnesandnoble/0235.htm","April 21, 1960"
"/media/Dados/bases/SWDE/book/book-barnesandnoble/1050.htm","Pittsburgh, Pennsylvania"
"/media/Dados/bases/SWDE/book/book-barnesandnoble/1694.htm","Yakima, Washington"
"/media/Dados/bases/SWDE/book/book-barnesandnoble/0340.htm","St. Petersburg, Russia"
"/media/Dados/bases/SWDE/book/book-barnesandnoble/1044.htm","November 23, 1990"
"/media/Dados/bases/SWDE/book/book-barnesandnoble/0882.htm","Newburgh, New York"
"/media/Dados/bases/SWDE/book/book-barnesandnoble/0303.htm","July 14, 1953"
"/media/Dados/bases/SWDE/book/book-barnesandnoble/0760.htm","A.A., Cayuga Community College; B.A., Colgate University; M.F.A., Iowa Writers' Workshop; M.A., University of Iowa"
"/media/Dados/bases/SWDE/book/book-barnesandnoble/0512.htm","Montclair, New Jersey"
"/media/Dados/bases/SWDE/book/book-barnesandnoble/0674.htm","Portsmouth, England"
"/media/Dados/bases/SWDE/book/book-barnesandnoble/0772.htm","Newburgh, New York"
"/media/Dados/bases/SWDE/book/book-barnesandnoble/0847.htm","Syracuse, New York"
"/media/Dados/bases/SWDE/book/book-barnesandnoble/0035.htm","December 26, 1956"
"/media/Dados/bases/SWDE/book/book-barnesandnoble/0063.htm","Chicago, Illinois"
"/media/Dados/bases/SWDE/book/book-barnesandnoble/1182.htm","Concord, Massachusetts"
"/media/Dados/bases/SWDE/book/book-barnesandnoble/1640.htm","Oxford, England"
"/media/Dados/bases/SWDE/book/book-barnesandnoble/0803.htm","Philadelphia, Pennsylvania"
"/media/Dados/bases/SWDE/book/book-barnesandnoble/0190.htm","April 22, 1943"
"/media/Dados/bases/SWDE/book/book-barnesandnoble/0403.htm","Chicago, Illinois"
"/media/Dados/bases/SWDE/book/book-barnesandnoble/0068.htm","San Antonio, TX"
"/media/Dados/bases/SWDE/book/book-barnesandnoble/0621.htm","Bromley, Kent, England"
"/media/Dados/bases/SWDE/book/book-barnesandnoble/1444.htm",Award for Best Fantasy Novel for
"/media/Dados/bases/SWDE/book/book-barnesandnoble/0231.htm","New York, NY"
"/media/Dados/bases/SWDE/book/book-barnesandnoble/0936.htm","Hartford, Connecticut"
"/media/Dados/bases/SWDE/book/book-barnesandnoble/0659.htm","Fort Sill, Oklahoma"
"/media/Dados/bases/SWDE/book/book-barnesandnoble/1049.htm","Hastings, Pennsylvania"
"/media/Dados/bases/SWDE/book/book-barnesandnoble/1778.htm","February 18, 1931"
"/media/Dados/bases/SWDE/book/book-barnesandnoble/0496.htm","February 23, 1944"
"/media/Dados/bases/SWDE/book/book-barnesandnoble/1520.htm","Bromley, Kent, England"
"/media/Dados/bases/SWDE/book/book-barnesandnoble/0466.htm","Tunica, Mississippi"
"/media/Dados/bases/SWDE/book/book-barnesandnoble/1435.htm","April 28, 1948"
"/media/Dados/bases/SWDE/book/book-barnesandnoble/1585.htm","Richmond, VIrginia"
"/media/Dados/bases/SWDE/book/book-barnesandnoble/0561.htm","London, United Kingdom"
"/media/Dados/bases/SWDE/book/book-barnesandnoble/0324.htm","San Diego, CA"
"/media/Dados/bases/SWDE/book/book-barnesandnoble/1535.htm","Mt. Holly, New Jersey"
"/media/Dados/bases/SWDE/book/book-barnesandnoble/0310.htm","Jonesboro, Arkansas"
"/media/Dados/bases/SWDE/book/book-barnesandnoble/1226.htm","Aurora, Illinois"
"/media/Dados/bases/SWDE/book/book-barnesandnoble/1200.htm","Syracuse, New York"
"/media/Dados/bases/SWDE/book/book-barnesandnoble/0807.htm","New York, New York"
"/media/Dados/bases/SWDE/book/book-barnesandnoble/0172.htm","Litchfield, Connecticut"
"/media/Dados/bases/SWDE/book/book-barnesandnoble/0726.htm",Ohio
"/media/Dados/bases/SWDE/book/book-barnesandnoble/1010.htm","Newark, New Jersey"
"/media/Dados/bases/SWDE/book/book-barnesandnoble/0043.htm","De Ridder, Louisiana"
"/media/Dados/bases/SWDE/book/book-barnesandnoble/0490.htm","Salamanca, Spain"
"/media/Dados/bases/SWDE/book/book-barnesandnoble/1583.htm","September 21, 1947"
"/media/Dados/bases/SWDE/book/book-barnesandnoble/1393.htm","Hastings, Pennsylvania"
"/media/Dados/bases/SWDE/book/book-barnesandnoble/1117.htm","June 03, 1924"
"/media/Dados/bases/SWDE/book/book-barnesandnoble/0072.htm","July 27, 1954"
"/media/Dados/bases/SWDE/book/book-barnesandnoble/1880.htm","July 18, 1817"
"/media/Dados/bases/SWDE/book/book-barnesandnoble/1949.htm","Salinas, California"
"/media/Dados/bases/SWDE/book/book-barnesandnoble/1997.htm","Leominster, MA"
"/media/Dados/bases/SWDE/book/book-barnesandnoble/0574.htm","Stockholm, Sweden"
"/media/Dados/bases/SWDE/book/book-barnesandnoble/0088.htm","Hastings, Pennsylvania"
"/media/Dados/bases/SWDE/book/book-barnesandnoble/0408.htm",Zimbabwe
"/media/Dados/bases/SWDE/book/book-barnesandnoble/0238.htm","Newark, New Jersey"
"/media/Dados/bases/SWDE/book/book-barnesandnoble/0176.htm","Belfast, Nothern Ireland"
"/media/Dados/bases/SWDE/book/book-barnesandnoble/0143.htm","Salamanca, Spain"
"/media/Dados/bases/SWDE/book/book-barnesandnoble/0647.htm","Elizabeth, New Jersey"
"/media/Dados/bases/SWDE/book/book-barnesandnoble/1915.htm","Phoenix, Arizona"
"/media/Dados/bases/SWDE/book/book-barnesandnoble/1882.htm","Fort Sill, Oklahoma"
"/media/Dados/bases/SWDE/book/book-barnesandnoble/0957.htm","Leominster, MA"
"/media/Dados/bases/SWDE/book/book-barnesandnoble/0693.htm","Tula Province, Russia"
"/media/Dados/bases/SWDE/book/book-barnesandnoble/0107.htm","Aurora, Illinois"
"/media/Dados/bases/SWDE/book/book-barnesandnoble/0045.htm","Princeton University, B.A. in Art History, 1982; London School of Economics, 1985"
"/media/Dados/bases/SWDE/book/book-barnesandnoble/0553.htm","Springfield, Massachusetts"
"/media/Dados/bases/SWDE/book/book-barnesandnoble/0365.htm","February 19, 1963"
"/media/Dados/bases/SWDE/book/book-barnesandnoble/0920.htm","Springfield, Massachusetts"
"/media/Dados/bases/SWDE/book/book-barnesandnoble/1239.htm","Yakima, Washington"
"/media/Dados/bases/SWDE/book/book-barnesandnoble/1845.htm","Springfield, Massachusetts"
"/media/Dados/bases/SWDE/book/book-barnesandnoble/0996.htm","Waterbury, Connecticut"
"/media/Dados/bases/SWDE/book/book-barnesandnoble/0548.htm","September 20, 1947"
"/media/Dados/bases/SWDE/book/book-barnesandnoble/1014.htm","May 31, 1968"
"/media/Dados/bases/SWDE/book/book-barnesandnoble/0427.htm","February 19, 1963"
"/media/Dados/bases/SWDE/book/book-barnesandnoble/1129.htm","Los Angeles, California"
"/media/Dados/bases/SWDE/book/book-barnesandnoble/1057.htm","London, England"
"/media/Dados/bases/SWDE/book/book-barnesandnoble/1891.htm","Besan�on, France"
"/media/Dados/bases/SWDE/book/book-barnesandnoble/1431.htm","Brooklyn, New York"
"/media/Dados/bases/SWDE/book/book-barnesandnoble/1317.htm","February 28, 1970"
"/media/Dados/bases/SWDE/book/book-barnesandnoble/1287.htm","Jonesboro, Arkansas"
"/media/Dados/bases/SWDE/book/book-barnesandnoble/0206.htm","September 06, 2007"
"/media/Dados/bases/SWDE/book/book-barnesandnoble/1175.htm",Award for Best Fantasy Novel for
"/media/Dados/bases/SWDE/book/book-barnesandnoble/1667.htm","May 14, 1965"
"/media/Dados/bases/SWDE/book/book-barnesandnoble/1417.htm","October 26, 1945"
"/media/Dados/bases/SWDE/book/book-barnesandnoble/1850.htm","Fort Worth, Texas"
"/media/Dados/bases/SWDE/book/book-barnesandnoble/0987.htm","Syracuse, New York"
"/media/Dados/bases/SWDE/book/book-barnesandnoble/0021.htm","B.A., Tufts University"
"/media/Dados/bases/SWDE/book/book-barnesandnoble/1945.htm","May 06, 1950"
"/media/Dados/bases/SWDE/book/book-barnesandnoble/0183.htm","April 23, 2007"
"/media/Dados/bases/SWDE/book/book-barnesandnoble/1025.htm","Tunica, Mississippi"
"/media/Dados/bases/SWDE/book/book-barnesandnoble/1474.htm","April 12, 1916"
"/media/Dados/bases/SWDE/book/book-barnesandnoble/0723.htm","New York, New York"
"/media/Dados/bases/SWDE/book/book-barnesandnoble/0275.htm","Tunica, Mississippi"
"/media/Dados/bases/SWDE/book/book-barnesandnoble/0046.htm","Boston, Massachusetts"
"/media/Dados/bases/SWDE/book/book-barnesandnoble/0052.htm",1950
"/media/Dados/bases/SWDE/book/book-barnesandnoble/0883.htm","Nairobi, Kenya, East Africa"
"/media/Dados/bases/SWDE/book/book-barnesandnoble/1734.htm","July 02, 1999"
"/media/Dados/bases/SWDE/book/book-barnesandnoble/1772.htm","February 18, 1936"
"/media/Dados/bases/SWDE/book/book-barnesandnoble/1433.htm","November 23, 1990"
"/media/Dados/bases/SWDE/book/book-barnesandnoble/0217.htm","Princeton University, B.A. in Art History, 1982; London School of Economics, 1985"
"/media/Dados/bases/SWDE/book/book-barnesandnoble/0033.htm","April 22, 1943"
"/media/Dados/bases/SWDE/book/book-barnesandnoble/0254.htm","Aurora, Illinois"
"/media/Dados/bases/SWDE/book/book-barnesandnoble/1210.htm","Newburgh, New York"
"/media/Dados/bases/SWDE/book/book-barnesandnoble/1354.htm","Baton Rouge, Louisiana"
"/media/Dados/bases/SWDE/book/book-barnesandnoble/0809.htm","Passaic, New Jersey"
"/media/Dados/bases/SWDE/book/book-barnesandnoble/0361.htm","Albany, New York"
"/media/Dados/bases/SWDE/book/book-barnesandnoble/0213.htm","Omaha, Nebraska"
"/media/Dados/bases/SWDE/book/book-barnesandnoble/0094.htm","New York, New York"
"/media/Dados/bases/SWDE/book/book-barnesandnoble/1102.htm","August 22, 1920"
"/media/Dados/bases/SWDE/book/book-barnesandnoble/0319.htm","July 09, 1945"
"/media/Dados/bases/SWDE/book/book-barnesandnoble/0182.htm","Honolulu, Hawaii"
"/media/Dados/bases/SWDE/book/book-barnesandnoble/0286.htm","Newburgh, New York"
"/media/Dados/bases/SWDE/book/book-barnesandnoble/1391.htm",England
"/media/Dados/bases/SWDE/book/book-barnesandnoble/1360.htm","Philadelphia, Pennsylvania"
"/media/Dados/bases/SWDE/book/book-barnesandnoble/1669.htm","Hastings, Pennsylvania"
"/media/Dados/bases/SWDE/book/book-barnesandnoble/0215.htm","July 31, 1965"
"/media/Dados/bases/SWDE/book/book-barnesandnoble/1357.htm","De Ridder, Louisiana"
"/media/Dados/bases/SWDE/book/book-barnesandnoble/1015.htm","Yakima, Washington"
"/media/Dados/bases/SWDE/book/book-barnesandnoble/1890.htm",1950
"/media/Dados/bases/SWDE/book/book-barnesandnoble/0555.htm","Brooklyn, New York"
"/media/Dados/bases/SWDE/book/book-barnesandnoble/1286.htm",Award for Best Fantasy Novel for
"/media/Dados/bases/SWDE/book/book-barnesandnoble/1207.htm",1950
"/media/Dados/bases/SWDE/book/book-barnesandnoble/0441.htm","Springfield, Massachusetts"
"/media/Dados/bases/SWDE/book/book-barnesandnoble/0036.htm","San Antonio, TX"
"/media/Dados/bases/SWDE/book/book-barnesandnoble/1256.htm","B.A. in journalism, University of Arkansas at Fayetteville, 1977"
"/media/Dados/bases/SWDE/book/book-barnesandnoble/0092.htm","St. Petersburg, Russia"
"/media/Dados/bases/SWDE/book/book-barnesandnoble/0564.htm","Leominster, MA"
"/media/Dados/bases/SWDE/book/book-barnesandnoble/0188.htm","October 27, 1944"
"/media/Dados/bases/SWDE/book/book-barnesandnoble/0345.htm","Hastings, Pennsylvania"
"/media/Dados/bases/SWDE/book/book-barnesandnoble/1155.htm","Newburgh, New York"
"/media/Dados/bases/SWDE/book/book-barnesandnoble/1593.htm","Salt Lake City, Utah"
"/media/Dados/bases/SWDE/book/book-barnesandnoble/0135.htm","Chicago, Illinois"
"/media/Dados/bases/SWDE/book/book-barnesandnoble/1740.htm","June 10, 1928"
"/media/Dados/bases/SWDE/book/book-barnesandnoble/1852.htm","August 03, 1920"
"/media/Dados/bases/SWDE/book/book-barnesandnoble/1986.htm",1950
"/media/Dados/bases/SWDE/book/book-barnesandnoble/0040.htm","Tunica, Mississippi"
"/media/Dados/bases/SWDE/book/book-barnesandnoble/0240.htm","New York, New York"
"/media/Dados/bases/SWDE/book/book-barnesandnoble/1358.htm","February 21, 1962"
"/media/Dados/bases/SWDE/book/book-barnesandnoble/0122.htm","February 28, 1946"
"/media/Dados/bases/SWDE/book/book-barnesandnoble/0016.htm",Illinois
"/media/Dados/bases/SWDE/book/book-barnesandnoble/0095.htm","Salinas, California"
"/media/Dados/bases/SWDE/book/book-barnesandnoble/1369.htm","April 22, 1943"
"/media/Dados/bases/SWDE/book/book-barnesandnoble/1706.htm",1950
"/media/Dados/bases/SWDE/book/book-barnesandnoble/1213.htm","February 18, 1931"
"/media/Dados/bases/SWDE/book/book-barnesandnoble/0284.htm","Belfast, Nothern Ireland"
"/media/Dados/bases/SWDE/book/book-barnesandnoble/0362.htm","Newburgh, New York"
"/media/Dados/bases/SWDE/book/book-barnesandnoble/1728.htm","Albany, New York"
"/media/Dados/bases/SWDE/book/book-barnesandnoble/0042.htm","Jonesboro, Arkansas"
"/media/Dados/bases/SWDE/book/book-barnesandnoble/0432.htm","Yakima, Washington"
"/media/Dados/bases/SWDE/book/book-barnesandnoble/0602.htm","October 31, 1920"
"/media/Dados/bases/SWDE/book/book-barnesandnoble/1935.htm","September 21, 1947"
"/media/Dados/bases/SWDE/book/book-barnesandnoble/0952.htm","August 22, 1943"
"/media/Dados/bases/SWDE/book/book-barnesandnoble/0216.htm","Dorchester, Massachusetts"
"/media/Dados/bases/SWDE/book/book-barnesandnoble/1361.htm","Hastings, Pennsylvania"
"/media/Dados/bases/SWDE/book/book-barnesandnoble/0371.htm","San Antonio, TX"
"/media/Dados/bases/SWDE/book/book-barnesandnoble/0037.htm","April 22, 1943"
"/media/Dados/bases/SWDE/book/book-barnesandnoble/0066.htm","Florida, Missouri"
"/media/Dados/bases/SWDE/book/book-barnesandnoble/1375.htm","Dorchester, Massachusetts"
"/media/Dados/bases/SWDE/book/book-barnesandnoble/0239.htm",Maryland
"/media/Dados/bases/SWDE/book/book-barnesandnoble/1999.htm",1950
"/media/Dados/bases/SWDE/book/book-barnesandnoble/0813.htm","Richmond, VIrginia"
"/media/Dados/bases/SWDE/book/book-barnesandnoble/0676.htm","Alexandria, Virginia"
"/media/Dados/bases/SWDE/book/book-barnesandnoble/1121.htm",1950
"/media/Dados/bases/SWDE/book/book-barnesandnoble/0282.htm","Newburgh, New York"
"/media/Dados/bases/SWDE/book/book-barnesandnoble/0988.htm","August 05, 1912"
"/media/Dados/bases/SWDE/book/book-barnesandnoble/0533.htm","Fort Sill, Oklahoma"
"/media/Dados/bases/SWDE/book/book-barnesandnoble/1577.htm",1950
"/media/Dados/bases/SWDE/book/book-barnesandnoble/1353.htm","Syracuse, New York"
"/media/Dados/bases/SWDE/book/book-barnesandnoble/0370.htm","Mount Vernon, New York"
"/media/Dados/bases/SWDE/book/book-barnesandnoble/1761.htm","Boston, Massachusetts"
"/media/Dados/bases/SWDE/book/book-barnesandnoble/0572.htm","Belfast, Nothern Ireland"
"/media/Dados/bases/SWDE/book/book-barnesandnoble/0350.htm","March 12, 1948"
"/media/Dados/bases/SWDE/book/book-barnesandnoble/0696.htm","Fort Sill, Oklahoma"
"/media/Dados/bases/SWDE/book/book-barnesandnoble/0531.htm","Des Moines, Iowa"
"/media/Dados/bases/SWDE/book/book-barnesandnoble/0375.htm","Philadelphia, Pennsylvania"
"/media/Dados/bases/SWDE/book/book-barnesandnoble/0484.htm","Omaha, Nebraska"
"/media/Dados/bases/SWDE/book/book-barnesandnoble/1752.htm","January 11, 1952"
"/media/Dados/bases/SWDE/book/book-barnesandnoble/0167.htm","Waterbury, Connecticut"
"/media/Dados/bases/SWDE/book/book-barnesandnoble/1674.htm","Toledo, Ohio"
"/media/Dados/bases/SWDE/book/book-barnesandnoble/0796.htm","Syracuse, New York"
"/media/Dados/bases/SWDE/book/book-barnesandnoble/1105.htm","Mount Vernon, New York"
"/media/Dados/bases/SWDE/book/book-barnesandnoble/1837.htm","Yakima, Washington"
"/media/Dados/bases/SWDE/book/book-barnesandnoble/1972.htm","Exeter, New Hampshire"
"/media/Dados/bases/SWDE/book/book-barnesandnoble/1714.htm","February 28, 1946"
"/media/Dados/bases/SWDE/book/book-barnesandnoble/0377.htm","February 28, 1970"
"/media/Dados/bases/SWDE/book/book-barnesandnoble/1418.htm","Aurora, Colorado"
"/media/Dados/bases/SWDE/book/book-barnesandnoble/1824.htm","Portsmouth, England"
"/media/Dados/bases/SWDE/book/book-barnesandnoble/0108.htm","Hartford, Connecticut"
"/media/Dados/bases/SWDE/book/book-barnesandnoble/0725.htm","Boston, Massachusetts"
"/media/Dados/bases/SWDE/book/book-barnesandnoble/0890.htm","Berkhamsted, England"
"/media/Dados/bases/SWDE/book/book-barnesandnoble/1275.htm","Lima, Peru"
"/media/Dados/bases/SWDE/book/book-barnesandnoble/0476.htm","September 21, 1947"
"/media/Dados/bases/SWDE/book/book-barnesandnoble/0342.htm","Ottawa, Ontario"
"/media/Dados/bases/SWDE/book/book-barnesandnoble/1653.htm","San Antonio, TX"
"/media/Dados/bases/SWDE/book/book-barnesandnoble/0852.htm","Emory University; B.A., University of Florida, 1974"
"/media/Dados/bases/SWDE/book/book-barnesandnoble/0858.htm","B.A., University of Pennsylvania; M.A., University of New Hampshire"
"/media/Dados/bases/SWDE/book/book-barnesandnoble/0314.htm","Seattle, Washington"
"/media/Dados/bases/SWDE/book/book-barnesandnoble/1919.htm","Grand Rapids, Michigan"
"/media/Dados/bases/SWDE/book/book-barnesandnoble/0743.htm",Pacific Northwest Booksellers Association 2006 Book Award
"/media/Dados/bases/SWDE/book/book-barnesandnoble/0481.htm","Fort Sill, Oklahoma"
"/media/Dados/bases/SWDE/book/book-barnesandnoble/1657.htm",1950
"/media/Dados/bases/SWDE/book/book-barnesandnoble/0829.htm","December 26, 1956"
"/media/Dados/bases/SWDE/book/book-barnesandnoble/0328.htm","Syracuse, New York"
"/media/Dados/bases/SWDE/book/book-barnesandnoble/1624.htm","Richmond, VIrginia"
"/media/Dados/bases/SWDE/book/book-barnesandnoble/0201.htm","Emory University; B.A., University of Florida, 1974"
"/media/Dados/bases/SWDE/book/book-barnesandnoble/0091.htm","Salt Lake City, Utah"
"/media/Dados/bases/SWDE/book/book-barnesandnoble/0488.htm","February 19, 1963"
"/media/Dados/bases/SWDE/book/book-barnesandnoble/1654.htm","Pittsburgh, Pennsylvania"
"/media/Dados/bases/SWDE/book/book-barnesandnoble/1829.htm","Poughkeepsie, New York"
"/media/Dados/bases/SWDE/book/book-barnesandnoble/1870.htm","Aurora, Illinois"
"/media/Dados/bases/SWDE/book/book-barnesandnoble/0250.htm","Philadelphia, Pennsylvania"
"/media/Dados/bases/SWDE/book/book-barnesandnoble/1302.htm","Syracuse, New York"
"/media/Dados/bases/SWDE/book/book-barnesandnoble/1977.htm","Springfield, Massachusetts"
"/media/Dados/bases/SWDE/book/book-barnesandnoble/0600.htm","Ann Arbor, MI"
"/media/Dados/bases/SWDE/book/book-barnesandnoble/0540.htm","Fort Sill, Oklahoma"
"/media/Dados/bases/SWDE/book/book-barnesandnoble/1605.htm","Cambridge, Massachusetts; Margret died in 1996, H.A. in 1977"
"/media/Dados/bases/SWDE/book/book-barnesandnoble/1885.htm","October 04, 1941"
"/media/Dados/bases/SWDE/book/book-barnesandnoble/0179.htm","Brooklyn, New York"
"/media/Dados/bases/SWDE/book/book-barnesandnoble/1071.htm","St. Louis University, B.A., 1957; Xavier University, M.A., 1958; Yale University, Ph.D., 1961"
"/media/Dados/bases/SWDE/book/book-barnesandnoble/0893.htm","Hartford, Connecticut"
"/media/Dados/bases/SWDE/book/book-barnesandnoble/0271.htm","Edinburgh, Scotland"
"/media/Dados/bases/SWDE/book/book-barnesandnoble/0756.htm","Near Natchez, Mississippi"
"/media/Dados/bases/SWDE/book/book-barnesandnoble/0776.htm","August 22, 1943"
"/media/Dados/bases/SWDE/book/book-barnesandnoble/0980.htm","Newburgh, New York"
"/media/Dados/bases/SWDE/book/book-barnesandnoble/1989.htm","Mt. Holly, New Jersey"
"/media/Dados/bases/SWDE/book/book-barnesandnoble/0906.htm","Boston, Massachusetts"
"/media/Dados/bases/SWDE/book/book-barnesandnoble/1214.htm","Baltimore, Maryland"
"/media/Dados/bases/SWDE/book/book-barnesandnoble/0627.htm","February 18, 1931"
"/media/Dados/bases/SWDE/book/book-barnesandnoble/0060.htm","Chicago, Illinois"
"/media/Dados/bases/SWDE/book/book-barnesandnoble/1080.htm","Danville, Illinois"
"/media/Dados/bases/SWDE/book/book-barnesandnoble/0538.htm","Salinas, California"
"/media/Dados/bases/SWDE/book/book-barnesandnoble/0956.htm","Aurora, Colorado"
"/media/Dados/bases/SWDE/book/book-barnesandnoble/0872.htm",Illinois
"/media/Dados/bases/SWDE/book/book-barnesandnoble/0523.htm","March 31, 1855"
"/media/Dados/bases/SWDE/book/book-barnesandnoble/0192.htm","April 22, 1943"
"/media/Dados/bases/SWDE/book/book-barnesandnoble/1460.htm","February 19, 1963"
"/media/Dados/bases/SWDE/book/book-barnesandnoble/1718.htm","Fort Sill, Oklahoma"
"/media/Dados/bases/SWDE/book/book-barnesandnoble/1235.htm","Fort Sill, Oklahoma"
"/media/Dados/bases/SWDE/book/book-barnesandnoble/0224.htm",1950
"/media/Dados/bases/SWDE/book/book-barnesandnoble/0120.htm","B.A., Brown University, 1978; M.A., Duke University"
"/media/Dados/bases/SWDE/book/book-barnesandnoble/1032.htm","Boston, Massachusetts"
"/media/Dados/bases/SWDE/book/book-barnesandnoble/1786.htm","Tunica, Mississippi"
"/media/Dados/bases/SWDE/book/book-barnesandnoble/0443.htm","South Haven, Michigan"
"/media/Dados/bases/SWDE/book/book-barnesandnoble/1768.htm","February 23, 1944"
"/media/Dados/bases/SWDE/book/book-barnesandnoble/0915.htm","November 10, 1929"
"/media/Dados/bases/SWDE/book/book-barnesandnoble/0643.htm","Houston, Texas"
"/media/Dados/bases/SWDE/book/book-barnesandnoble/0991.htm",1950
"/media/Dados/bases/SWDE/book/book-barnesandnoble/0346.htm","January 11, 1952"
"/media/Dados/bases/SWDE/book/book-barnesandnoble/0146.htm","Hartford, Connecticut"
"/media/Dados/bases/SWDE/book/book-barnesandnoble/1485.htm","Newburgh, New York"
"/media/Dados/bases/SWDE/book/book-barnesandnoble/1366.htm","March 24, 1905"
"/media/Dados/bases/SWDE/book/book-barnesandnoble/1626.htm","Salt Lake City, Utah"
"/media/Dados/bases/SWDE/book/book-barnesandnoble/0344.htm","Nairobi, Kenya, East Africa"
"/media/Dados/bases/SWDE/book/book-barnesandnoble/0300.htm","Brooklline, MA."
"/media/Dados/bases/SWDE/book/book-barnesandnoble/1537.htm","Springfield, Massachusetts"
"/media/Dados/bases/SWDE/book/book-barnesandnoble/0536.htm","Tunica, Mississippi"
"/media/Dados/bases/SWDE/book/book-barnesandnoble/1833.htm","Honolulu, Hawaii"
"/media/Dados/bases/SWDE/book/book-barnesandnoble/0351.htm","Paris, France"
"/media/Dados/bases/SWDE/book/book-barnesandnoble/0229.htm",Award for Best Fantasy Novel for
"/media/Dados/bases/SWDE/book/book-barnesandnoble/0025.htm","Newburgh, New York"
"/media/Dados/bases/SWDE/book/book-barnesandnoble/0636.htm","Philadelphia, PA"
"/media/Dados/bases/SWDE/book/book-barnesandnoble/1717.htm","Fort Sill, Oklahoma"
"/media/Dados/bases/SWDE/book/book-barnesandnoble/0639.htm","September 21, 1947"
"/media/Dados/bases/SWDE/book/book-barnesandnoble/0057.htm",Illinois
"/media/Dados/bases/SWDE/book/book-barnesandnoble/1785.htm","New Albany, Mississippi"
"/media/Dados/bases/SWDE/book/book-barnesandnoble/1656.htm","Newburgh, New York"
"/media/Dados/bases/SWDE/book/book-barnesandnoble/0378.htm","Manchester, Georgia"
"/media/Dados/bases/SWDE/book/book-barnesandnoble/0203.htm","Hartford, Connecticut"
"/media/Dados/bases/SWDE/book/book-barnesandnoble/1425.htm","Nairobi, Kenya, East Africa"
"/media/Dados/bases/SWDE/book/book-barnesandnoble/1715.htm","April 12, 1916"
"/media/Dados/bases/SWDE/book/book-barnesandnoble/0671.htm","August 22, 1943"
"/media/Dados/bases/SWDE/book/book-barnesandnoble/1476.htm","New York, New York"
"/media/Dados/bases/SWDE/book/book-barnesandnoble/1374.htm","Springfield, Massachusetts"
"/media/Dados/bases/SWDE/book/book-barnesandnoble/0093.htm","Hartford, Connecticut"
"/media/Dados/bases/SWDE/book/book-barnesandnoble/0739.htm","Omaha, Nebraska"
"/media/Dados/bases/SWDE/book/book-barnesandnoble/1805.htm","Racine, Wisconsin"
"/media/Dados/bases/SWDE/book/book-barnesandnoble/1225.htm","Pepin, Wisconsin"
"/media/Dados/bases/SWDE/book/book-barnesandnoble/1823.htm","July 27, 1954"
"/media/Dados/bases/SWDE/book/book-barnesandnoble/1622.htm","Philadelphia, Pennsylvania"
"/media/Dados/bases/SWDE/book/book-barnesandnoble/1473.htm","Fort Sill, Oklahoma"
"/media/Dados/bases/SWDE/book/book-barnesandnoble/0687.htm","July 18, 1817"
"/media/Dados/bases/SWDE/book/book-barnesandnoble/0333.htm","Newburgh, New York"
"/media/Dados/bases/SWDE/book/book-barnesandnoble/0628.htm","Lowell, Michigan"
"/media/Dados/bases/SWDE/book/book-barnesandnoble/0096.htm","Oak Park, Illinois"
"/media/Dados/bases/SWDE/book/book-barnesandnoble/0227.htm","August 05, 1912"
"/media/Dados/bases/SWDE/book/book-barnesandnoble/1118.htm","April 19, 1882"
"/media/Dados/bases/SWDE/book/book-barnesandnoble/0959.htm","New York, New York"
"/media/Dados/bases/SWDE/book/book-barnesandnoble/1797.htm","B.A. in English, University of Florida at Gainesville, 1987"
"/media/Dados/bases/SWDE/book/book-barnesandnoble/1930.htm","October 31, 1920"
"/media/Dados/bases/SWDE/book/book-barnesandnoble/0245.htm","Edinburgh, Scotland"
"/media/Dados/bases/SWDE/book/book-barnesandnoble/0910.htm","Chicago, Illinois"
"/media/Dados/bases/SWDE/book/book-barnesandnoble/1685.htm","Edinburgh, Scotland"
"/media/Dados/bases/SWDE/book/book-barnesandnoble/0458.htm","St. Petersburg, Russia"
"/media/Dados/bases/SWDE/book/book-barnesandnoble/0214.htm",1950
"/media/Dados/bases/SWDE/book/book-barnesandnoble/0050.htm","London, England"
"/media/Dados/bases/SWDE/book/book-barnesandnoble/1003.htm","Culiacan, Mexico"
"/media/Dados/bases/SWDE/book/book-barnesandnoble/0134.htm","Dorchester, Massachusetts"
"/media/Dados/bases/SWDE/book/book-barnesandnoble/1646.htm","April 22, 1943"
"/media/Dados/bases/SWDE/book/book-barnesandnoble/1221.htm",1950
"/media/Dados/bases/SWDE/book/book-barnesandnoble/0307.htm","Toledo, Ohio"
"/media/Dados/bases/SWDE/book/book-barnesandnoble/0469.htm",1950
"/media/Dados/bases/SWDE/book/book-barnesandnoble/0770.htm","Pittsburgh, Pennsylvania"
"/media/Dados/bases/SWDE/book/book-barnesandnoble/0827.htm","Belfast, Nothern Ireland"
"/media/Dados/bases/SWDE/book/book-barnesandnoble/1268.htm","Frankfurt, Germany"
"/media/Dados/bases/SWDE/book/book-barnesandnoble/1114.htm","Newark, New Jersey"
"/media/Dados/bases/SWDE/book/book-barnesandnoble/1291.htm","Aurora, Illinois"
"/media/Dados/bases/SWDE/book/book-barnesandnoble/0236.htm","June 10, 1928"
"/media/Dados/bases/SWDE/book/book-barnesandnoble/0278.htm","Belfast, Nothern Ireland"
"/media/Dados/bases/SWDE/book/book-barnesandnoble/0698.htm","St. Petersburg, Russia"
"/media/Dados/bases/SWDE/book/book-barnesandnoble/1983.htm","Princeton University, B.A. in Art History, 1982; London School of Economics, 1985"
"/media/Dados/bases/SWDE/book/book-barnesandnoble/1253.htm","August 25, 1949"
"/media/Dados/bases/SWDE/book/book-barnesandnoble/0679.htm","Springfield, Massachusetts"
"/media/Dados/bases/SWDE/book/book-barnesandnoble/0935.htm","Cambridge, Massachusetts"
"/media/Dados/bases/SWDE/book/book-barnesandnoble/1599.htm","Belfast, Nothern Ireland"
"/media/Dados/bases/SWDE/book/book-barnesandnoble/0125.htm","December 12, 1969"
"/media/Dados/bases/SWDE/book/book-barnesandnoble/0717.htm","New York, New York"
"/media/Dados/bases/SWDE/book/book-barnesandnoble/0029.htm","New York, New York"
"/media/Dados/bases/SWDE/book/book-barnesandnoble/0958.htm","Newburgh, New York"
"/media/Dados/bases/SWDE/book/book-barnesandnoble/0124.htm","March 12, 1948"
"/media/Dados/bases/SWDE/book/book-barnesandnoble/1056.htm","February 23, 1944"
"/media/Dados/bases/SWDE/book/book-barnesandnoble/0456.htm","Yakima, Washington"
"/media/Dados/bases/SWDE/book/book-barnesandnoble/1159.htm","Oak Park, Illinois"
"/media/Dados/bases/SWDE/book/book-barnesandnoble/1290.htm",1950
"/media/Dados/bases/SWDE/book/book-barnesandnoble/0073.htm","Salinas, California"
"/media/Dados/bases/SWDE/book/book-barnesandnoble/1449.htm","New York, New York"
"/media/Dados/bases/SWDE/book/book-barnesandnoble/0347.htm","April 22, 1943"
"/media/Dados/bases/SWDE/book/book-barnesandnoble/1314.htm","Racine, Wisconsin"
"/media/Dados/bases/SWDE/book/book-barnesandnoble/0268.htm","Mount Vernon, New York"
"/media/Dados/bases/SWDE/book/book-barnesandnoble/1869.htm",Ohio
"/media/Dados/bases/SWDE/book/book-barnesandnoble/1530.htm","August 22, 1943"
"/media/Dados/bases/SWDE/book/book-barnesandnoble/0806.htm","July 18, 1817"
"/media/Dados/bases/SWDE/book/book-barnesandnoble/0583.htm",Award for Best Fantasy Novel for
"/media/Dados/bases/SWDE/book/book-barnesandnoble/0230.htm","San Antonio, TX"
"/media/Dados/bases/SWDE/book/book-barnesandnoble/1434.htm","July 09, 1945"
"/media/Dados/bases/SWDE/book/book-barnesandnoble/1575.htm","April 30, 1955"
"/media/Dados/bases/SWDE/book/book-barnesandnoble/0166.htm","Newburgh, New York"
"/media/Dados/bases/SWDE/book/book-barnesandnoble/0786.htm","Concord, Massachusetts"
"/media/Dados/bases/SWDE/book/book-barnesandnoble/0487.htm","April 12, 1916"
"/media/Dados/bases/SWDE/book/book-barnesandnoble/1252.htm","Tunica, Mississippi"
