URL,EXTRACTED VALUE
"/media/Dados/bases/SWDE/nbaplayer/nbaplayer-wiki/0237.htm","Tavares, Florida"
"/media/Dados/bases/SWDE/nbaplayer/nbaplayer-wiki/0297.htm","Corsicana, Texas"
"/media/Dados/bases/SWDE/nbaplayer/nbaplayer-wiki/0108.htm","White Hall, Alabama"
"/media/Dados/bases/SWDE/nbaplayer/nbaplayer-wiki/0314.htm",Los Angeles
"/media/Dados/bases/SWDE/nbaplayer/nbaplayer-wiki/0348.htm","Ventura, California"
"/media/Dados/bases/SWDE/nbaplayer/nbaplayer-wiki/0145.htm","Little Rock, Arkansas"
"/media/Dados/bases/SWDE/nbaplayer/nbaplayer-wiki/0017.htm","Wilmington, Delaware"
"/media/Dados/bases/SWDE/nbaplayer/nbaplayer-wiki/0082.htm",Dallas
"/media/Dados/bases/SWDE/nbaplayer/nbaplayer-wiki/0119.htm","Eustis, Florida"
"/media/Dados/bases/SWDE/nbaplayer/nbaplayer-wiki/0285.htm",Orange
"/media/Dados/bases/SWDE/nbaplayer/nbaplayer-wiki/0058.htm","Phoenix, Arizona"
"/media/Dados/bases/SWDE/nbaplayer/nbaplayer-wiki/0295.htm","Jamaica, Queens"
"/media/Dados/bases/SWDE/nbaplayer/nbaplayer-wiki/0227.htm","Encinitas, California"
"/media/Dados/bases/SWDE/nbaplayer/nbaplayer-wiki/0246.htm","Huntington, West Virginia"
"/media/Dados/bases/SWDE/nbaplayer/nbaplayer-wiki/0231.htm",Indianapolis
"/media/Dados/bases/SWDE/nbaplayer/nbaplayer-wiki/0011.htm",Seattle
"/media/Dados/bases/SWDE/nbaplayer/nbaplayer-wiki/0027.htm",Norfolk
"/media/Dados/bases/SWDE/nbaplayer/nbaplayer-wiki/0363.htm","Philadelphia, Pennsylvania"
"/media/Dados/bases/SWDE/nbaplayer/nbaplayer-wiki/0154.htm","New Orleans, Louisiana"
"/media/Dados/bases/SWDE/nbaplayer/nbaplayer-wiki/0182.htm",Chicago
"/media/Dados/bases/SWDE/nbaplayer/nbaplayer-wiki/0079.htm","Long Beach, CA"
"/media/Dados/bases/SWDE/nbaplayer/nbaplayer-wiki/0306.htm",Cincinnati
"/media/Dados/bases/SWDE/nbaplayer/nbaplayer-wiki/0276.htm",Blumenau
"/media/Dados/bases/SWDE/nbaplayer/nbaplayer-wiki/0047.htm","Springfield, Illinois"
"/media/Dados/bases/SWDE/nbaplayer/nbaplayer-wiki/0337.htm",Dnipropetrovsk
"/media/Dados/bases/SWDE/nbaplayer/nbaplayer-wiki/0327.htm",Harlem
"/media/Dados/bases/SWDE/nbaplayer/nbaplayer-wiki/0367.htm","Newark, New Jersey"
"/media/Dados/bases/SWDE/nbaplayer/nbaplayer-wiki/0310.htm",Palma de Mallorca
"/media/Dados/bases/SWDE/nbaplayer/nbaplayer-wiki/0368.htm","Waterbury, Connecticut"
"/media/Dados/bases/SWDE/nbaplayer/nbaplayer-wiki/0405.htm","Chester, Pennsylvania"
"/media/Dados/bases/SWDE/nbaplayer/nbaplayer-wiki/0277.htm","Los Angeles, California"
"/media/Dados/bases/SWDE/nbaplayer/nbaplayer-wiki/0249.htm",Caracas
"/media/Dados/bases/SWDE/nbaplayer/nbaplayer-wiki/0131.htm","Oakland, California"
"/media/Dados/bases/SWDE/nbaplayer/nbaplayer-wiki/0062.htm","Baltimore, Maryland"
"/media/Dados/bases/SWDE/nbaplayer/nbaplayer-wiki/0382.htm",Queens
"/media/Dados/bases/SWDE/nbaplayer/nbaplayer-wiki/0121.htm",Cleveland
"/media/Dados/bases/SWDE/nbaplayer/nbaplayer-wiki/0180.htm","Mitchell, South Dakota"
"/media/Dados/bases/SWDE/nbaplayer/nbaplayer-wiki/0259.htm",Tottenham
"/media/Dados/bases/SWDE/nbaplayer/nbaplayer-wiki/0176.htm",Kaunas
"/media/Dados/bases/SWDE/nbaplayer/nbaplayer-wiki/0302.htm",Brooklyn
"/media/Dados/bases/SWDE/nbaplayer/nbaplayer-wiki/0147.htm","Charleston, South Carolina"
"/media/Dados/bases/SWDE/nbaplayer/nbaplayer-wiki/0095.htm","Jackson, Mississippi"
"/media/Dados/bases/SWDE/nbaplayer/nbaplayer-wiki/0376.htm","Santa Clara, California"
"/media/Dados/bases/SWDE/nbaplayer/nbaplayer-wiki/0370.htm",Oklahoma City
"/media/Dados/bases/SWDE/nbaplayer/nbaplayer-wiki/0129.htm","Fort Lauderdale, Florida"
"/media/Dados/bases/SWDE/nbaplayer/nbaplayer-wiki/0406.htm",Santo Domingo
"/media/Dados/bases/SWDE/nbaplayer/nbaplayer-wiki/0103.htm","Harvey, Louisiana"
"/media/Dados/bases/SWDE/nbaplayer/nbaplayer-wiki/0141.htm","Northridge, California"
"/media/Dados/bases/SWDE/nbaplayer/nbaplayer-wiki/0414.htm",Oakland
"/media/Dados/bases/SWDE/nbaplayer/nbaplayer-wiki/0063.htm","Pensacola, Florida"
"/media/Dados/bases/SWDE/nbaplayer/nbaplayer-wiki/0014.htm","Washington, D.C."
"/media/Dados/bases/SWDE/nbaplayer/nbaplayer-wiki/0036.htm",St. Petersburg
"/media/Dados/bases/SWDE/nbaplayer/nbaplayer-wiki/0197.htm","Tampa, Florida"
"/media/Dados/bases/SWDE/nbaplayer/nbaplayer-wiki/0173.htm","Miami, Florida"
"/media/Dados/bases/SWDE/nbaplayer/nbaplayer-wiki/0114.htm","Palmdale, California"
"/media/Dados/bases/SWDE/nbaplayer/nbaplayer-wiki/0057.htm",Rome
"/media/Dados/bases/SWDE/nbaplayer/nbaplayer-wiki/0353.htm","Jackson, Mississippi"
"/media/Dados/bases/SWDE/nbaplayer/nbaplayer-wiki/0074.htm","Portland, Oregon"
"/media/Dados/bases/SWDE/nbaplayer/nbaplayer-wiki/0234.htm","Kendallville, IN"
"/media/Dados/bases/SWDE/nbaplayer/nbaplayer-wiki/0070.htm",Bursa
"/media/Dados/bases/SWDE/nbaplayer/nbaplayer-wiki/0267.htm",Concord
"/media/Dados/bases/SWDE/nbaplayer/nbaplayer-wiki/0051.htm",Kapsukas
"/media/Dados/bases/SWDE/nbaplayer/nbaplayer-wiki/0417.htm","Wichita, Kansas"
"/media/Dados/bases/SWDE/nbaplayer/nbaplayer-wiki/0023.htm","Morristown, New Jersey"
"/media/Dados/bases/SWDE/nbaplayer/nbaplayer-wiki/0240.htm","Dallas, Texas"
"/media/Dados/bases/SWDE/nbaplayer/nbaplayer-wiki/0065.htm",Kaunas
"/media/Dados/bases/SWDE/nbaplayer/nbaplayer-wiki/0226.htm",Seattle
"/media/Dados/bases/SWDE/nbaplayer/nbaplayer-wiki/0301.htm","Coeur d' Alene, Idaho"
"/media/Dados/bases/SWDE/nbaplayer/nbaplayer-wiki/0192.htm","Mamou, Louisiana"
"/media/Dados/bases/SWDE/nbaplayer/nbaplayer-wiki/0045.htm",Seattle
"/media/Dados/bases/SWDE/nbaplayer/nbaplayer-wiki/0093.htm",Colatina
"/media/Dados/bases/SWDE/nbaplayer/nbaplayer-wiki/0207.htm",Cayenne
"/media/Dados/bases/SWDE/nbaplayer/nbaplayer-wiki/0092.htm",Myrtle Beach
"/media/Dados/bases/SWDE/nbaplayer/nbaplayer-wiki/0223.htm",Fresno
"/media/Dados/bases/SWDE/nbaplayer/nbaplayer-wiki/0304.htm",Edmonds
"/media/Dados/bases/SWDE/nbaplayer/nbaplayer-wiki/0365.htm","Lincoln, Illinois"
"/media/Dados/bases/SWDE/nbaplayer/nbaplayer-wiki/0126.htm",Cleveland
"/media/Dados/bases/SWDE/nbaplayer/nbaplayer-wiki/0073.htm",Wau
"/media/Dados/bases/SWDE/nbaplayer/nbaplayer-wiki/0243.htm","Baltimore, Maryland"
"/media/Dados/bases/SWDE/nbaplayer/nbaplayer-wiki/0260.htm","Houston, Texas"
"/media/Dados/bases/SWDE/nbaplayer/nbaplayer-wiki/0111.htm","Rancho Cucamonga, California"
"/media/Dados/bases/SWDE/nbaplayer/nbaplayer-wiki/0191.htm",Oklahoma City
"/media/Dados/bases/SWDE/nbaplayer/nbaplayer-wiki/0388.htm",San Diego
"/media/Dados/bases/SWDE/nbaplayer/nbaplayer-wiki/0208.htm","Perry, Georgia"
"/media/Dados/bases/SWDE/nbaplayer/nbaplayer-wiki/0324.htm",Cheverly
"/media/Dados/bases/SWDE/nbaplayer/nbaplayer-wiki/0233.htm","Zanesville, Ohio"
"/media/Dados/bases/SWDE/nbaplayer/nbaplayer-wiki/0177.htm","Akron, Ohio"
"/media/Dados/bases/SWDE/nbaplayer/nbaplayer-wiki/0407.htm",Munich
"/media/Dados/bases/SWDE/nbaplayer/nbaplayer-wiki/0004.htm",Istanbul
"/media/Dados/bases/SWDE/nbaplayer/nbaplayer-wiki/0160.htm",Dakar
"/media/Dados/bases/SWDE/nbaplayer/nbaplayer-wiki/0100.htm",Kinna
"/media/Dados/bases/SWDE/nbaplayer/nbaplayer-wiki/0361.htm","Atlanta, Georgia"
"/media/Dados/bases/SWDE/nbaplayer/nbaplayer-wiki/0221.htm",Libertyville
"/media/Dados/bases/SWDE/nbaplayer/nbaplayer-wiki/0358.htm",Prince George
"/media/Dados/bases/SWDE/nbaplayer/nbaplayer-wiki/0253.htm",Las Vegas
"/media/Dados/bases/SWDE/nbaplayer/nbaplayer-wiki/0374.htm","Dallas, Texas"
"/media/Dados/bases/SWDE/nbaplayer/nbaplayer-wiki/0029.htm",London
"/media/Dados/bases/SWDE/nbaplayer/nbaplayer-wiki/0409.htm",Los Angeles
"/media/Dados/bases/SWDE/nbaplayer/nbaplayer-wiki/0319.htm",Memphis
"/media/Dados/bases/SWDE/nbaplayer/nbaplayer-wiki/0364.htm",Northridge
"/media/Dados/bases/SWDE/nbaplayer/nbaplayer-wiki/0402.htm",Holon
"/media/Dados/bases/SWDE/nbaplayer/nbaplayer-wiki/0398.htm","Saginaw, Michigan"
"/media/Dados/bases/SWDE/nbaplayer/nbaplayer-wiki/0120.htm","Indianapolis, Indiana"
"/media/Dados/bases/SWDE/nbaplayer/nbaplayer-wiki/0185.htm","Pineville, Louisiana"
"/media/Dados/bases/SWDE/nbaplayer/nbaplayer-wiki/0245.htm",Ghent
"/media/Dados/bases/SWDE/nbaplayer/nbaplayer-wiki/0105.htm","Kent, Washington"
"/media/Dados/bases/SWDE/nbaplayer/nbaplayer-wiki/0360.htm",Los Angeles
"/media/Dados/bases/SWDE/nbaplayer/nbaplayer-wiki/0012.htm",Louisville
"/media/Dados/bases/SWDE/nbaplayer/nbaplayer-wiki/0127.htm","Snohomish, Washington"
"/media/Dados/bases/SWDE/nbaplayer/nbaplayer-wiki/0083.htm","Houston, Texas"
"/media/Dados/bases/SWDE/nbaplayer/nbaplayer-wiki/0134.htm",Melrose Park
"/media/Dados/bases/SWDE/nbaplayer/nbaplayer-wiki/0375.htm",Queensbridge
"/media/Dados/bases/SWDE/nbaplayer/nbaplayer-wiki/0003.htm","Baton Rouge, Louisiana"
"/media/Dados/bases/SWDE/nbaplayer/nbaplayer-wiki/0236.htm","Concord, NC"
"/media/Dados/bases/SWDE/nbaplayer/nbaplayer-wiki/0008.htm","Newark, New Jersey"
"/media/Dados/bases/SWDE/nbaplayer/nbaplayer-wiki/0002.htm","Orlando, Florida"
"/media/Dados/bases/SWDE/nbaplayer/nbaplayer-wiki/0089.htm","Goodwater, Alabama"
"/media/Dados/bases/SWDE/nbaplayer/nbaplayer-wiki/0294.htm","Niagara Falls, New York"
"/media/Dados/bases/SWDE/nbaplayer/nbaplayer-wiki/0311.htm","Chicago, IL"
"/media/Dados/bases/SWDE/nbaplayer/nbaplayer-wiki/0347.htm","Brookline, MA"
"/media/Dados/bases/SWDE/nbaplayer/nbaplayer-wiki/0288.htm",São Carlos
"/media/Dados/bases/SWDE/nbaplayer/nbaplayer-wiki/0174.htm",Berkeley
"/media/Dados/bases/SWDE/nbaplayer/nbaplayer-wiki/0415.htm",Bijelo Polje
"/media/Dados/bases/SWDE/nbaplayer/nbaplayer-wiki/0143.htm",Detroit
"/media/Dados/bases/SWDE/nbaplayer/nbaplayer-wiki/0139.htm","Temple, Texas"
"/media/Dados/bases/SWDE/nbaplayer/nbaplayer-wiki/0344.htm","Friendswood, Texas"
"/media/Dados/bases/SWDE/nbaplayer/nbaplayer-wiki/0102.htm",Bartow
"/media/Dados/bases/SWDE/nbaplayer/nbaplayer-wiki/0136.htm",Columbus
"/media/Dados/bases/SWDE/nbaplayer/nbaplayer-wiki/0281.htm",Denver
"/media/Dados/bases/SWDE/nbaplayer/nbaplayer-wiki/0317.htm","Monticello, Minnesota"
"/media/Dados/bases/SWDE/nbaplayer/nbaplayer-wiki/0261.htm","Lewisville, North Carolina"
"/media/Dados/bases/SWDE/nbaplayer/nbaplayer-wiki/0381.htm","Fanwood, New Jersey"
"/media/Dados/bases/SWDE/nbaplayer/nbaplayer-wiki/0411.htm",Mount Laurel
"/media/Dados/bases/SWDE/nbaplayer/nbaplayer-wiki/0269.htm",Bahía Blanca
"/media/Dados/bases/SWDE/nbaplayer/nbaplayer-wiki/0342.htm","Monroe, Louisiana"
"/media/Dados/bases/SWDE/nbaplayer/nbaplayer-wiki/0166.htm","Baton Rouge, Louisiana"
"/media/Dados/bases/SWDE/nbaplayer/nbaplayer-wiki/0366.htm","Los Angeles, California"
"/media/Dados/bases/SWDE/nbaplayer/nbaplayer-wiki/0334.htm",Saint Croix
"/media/Dados/bases/SWDE/nbaplayer/nbaplayer-wiki/0001.htm",Castle Air Force Base
"/media/Dados/bases/SWDE/nbaplayer/nbaplayer-wiki/0087.htm",Pasadena
"/media/Dados/bases/SWDE/nbaplayer/nbaplayer-wiki/0341.htm",Dallas
"/media/Dados/bases/SWDE/nbaplayer/nbaplayer-wiki/0320.htm","Burnsville, Minnesota"
"/media/Dados/bases/SWDE/nbaplayer/nbaplayer-wiki/0054.htm","Memphis, Tennessee"
"/media/Dados/bases/SWDE/nbaplayer/nbaplayer-wiki/0067.htm","West Memphis, Arkansas"
"/media/Dados/bases/SWDE/nbaplayer/nbaplayer-wiki/0274.htm",Bruges
"/media/Dados/bases/SWDE/nbaplayer/nbaplayer-wiki/0385.htm",South Jamaica
"/media/Dados/bases/SWDE/nbaplayer/nbaplayer-wiki/0142.htm",Seattle
"/media/Dados/bases/SWDE/nbaplayer/nbaplayer-wiki/0251.htm","Carlton, Victoria"
"/media/Dados/bases/SWDE/nbaplayer/nbaplayer-wiki/0179.htm",Toronto
"/media/Dados/bases/SWDE/nbaplayer/nbaplayer-wiki/0033.htm","Marion, South Carolina"
"/media/Dados/bases/SWDE/nbaplayer/nbaplayer-wiki/0373.htm","Inglewood, California"
"/media/Dados/bases/SWDE/nbaplayer/nbaplayer-wiki/0068.htm","Chicago Heights, Illinois"
"/media/Dados/bases/SWDE/nbaplayer/nbaplayer-wiki/0081.htm",Las Vegas
"/media/Dados/bases/SWDE/nbaplayer/nbaplayer-wiki/0330.htm","Flint, Michigan"
"/media/Dados/bases/SWDE/nbaplayer/nbaplayer-wiki/0106.htm",Baltimore
"/media/Dados/bases/SWDE/nbaplayer/nbaplayer-wiki/0171.htm","Anchorage, Alaska"
"/media/Dados/bases/SWDE/nbaplayer/nbaplayer-wiki/0419.htm",Kraljevo
"/media/Dados/bases/SWDE/nbaplayer/nbaplayer-wiki/0264.htm","Baton Rouge, Louisiana"
"/media/Dados/bases/SWDE/nbaplayer/nbaplayer-wiki/0377.htm","Hollywood, Florida"
"/media/Dados/bases/SWDE/nbaplayer/nbaplayer-wiki/0331.htm",Vevey
"/media/Dados/bases/SWDE/nbaplayer/nbaplayer-wiki/0290.htm",Oklahoma City
"/media/Dados/bases/SWDE/nbaplayer/nbaplayer-wiki/0256.htm","Detroit, Michigan"
"/media/Dados/bases/SWDE/nbaplayer/nbaplayer-wiki/0150.htm",Indianapolis
"/media/Dados/bases/SWDE/nbaplayer/nbaplayer-wiki/0390.htm",Harbor City
"/media/Dados/bases/SWDE/nbaplayer/nbaplayer-wiki/0338.htm","Brownsburg, Indiana"
"/media/Dados/bases/SWDE/nbaplayer/nbaplayer-wiki/0333.htm","Tuscaloosa, Alabama"
"/media/Dados/bases/SWDE/nbaplayer/nbaplayer-wiki/0394.htm",White Plains
"/media/Dados/bases/SWDE/nbaplayer/nbaplayer-wiki/0298.htm",Canton
"/media/Dados/bases/SWDE/nbaplayer/nbaplayer-wiki/0335.htm",Rotterdam
"/media/Dados/bases/SWDE/nbaplayer/nbaplayer-wiki/0163.htm",San Diego
"/media/Dados/bases/SWDE/nbaplayer/nbaplayer-wiki/0137.htm",Philadelphia
"/media/Dados/bases/SWDE/nbaplayer/nbaplayer-wiki/0040.htm",Le Robert
"/media/Dados/bases/SWDE/nbaplayer/nbaplayer-wiki/0091.htm",Trelawny
"/media/Dados/bases/SWDE/nbaplayer/nbaplayer-wiki/0060.htm","Washington, D.C."
"/media/Dados/bases/SWDE/nbaplayer/nbaplayer-wiki/0080.htm","Lakewood, California"
"/media/Dados/bases/SWDE/nbaplayer/nbaplayer-wiki/0309.htm","Clinton, Maryland"
"/media/Dados/bases/SWDE/nbaplayer/nbaplayer-wiki/0372.htm","Grand Rapids, Michigan"
"/media/Dados/bases/SWDE/nbaplayer/nbaplayer-wiki/0322.htm",Dayton
"/media/Dados/bases/SWDE/nbaplayer/nbaplayer-wiki/0204.htm",Crockett
"/media/Dados/bases/SWDE/nbaplayer/nbaplayer-wiki/0016.htm",Atlanta
"/media/Dados/bases/SWDE/nbaplayer/nbaplayer-wiki/0097.htm",Irvine
"/media/Dados/bases/SWDE/nbaplayer/nbaplayer-wiki/0254.htm",San Giovanni in Persiceto
"/media/Dados/bases/SWDE/nbaplayer/nbaplayer-wiki/0416.htm",The Hague
"/media/Dados/bases/SWDE/nbaplayer/nbaplayer-wiki/0272.htm","Quitman, Mississippi"
"/media/Dados/bases/SWDE/nbaplayer/nbaplayer-wiki/0392.htm",Ljubljana
"/media/Dados/bases/SWDE/nbaplayer/nbaplayer-wiki/0072.htm","Washington, D.C."
"/media/Dados/bases/SWDE/nbaplayer/nbaplayer-wiki/0303.htm",Springfield
"/media/Dados/bases/SWDE/nbaplayer/nbaplayer-wiki/0198.htm","Peeksilll, New York"
"/media/Dados/bases/SWDE/nbaplayer/nbaplayer-wiki/0158.htm","Chicago, IL"
"/media/Dados/bases/SWDE/nbaplayer/nbaplayer-wiki/0244.htm",Ahvaz
"/media/Dados/bases/SWDE/nbaplayer/nbaplayer-wiki/0035.htm",Sant'Angelo Lodigiano
"/media/Dados/bases/SWDE/nbaplayer/nbaplayer-wiki/0084.htm","Wilmington, Delaware"
"/media/Dados/bases/SWDE/nbaplayer/nbaplayer-wiki/0396.htm","North Hollywood, California"
"/media/Dados/bases/SWDE/nbaplayer/nbaplayer-wiki/0399.htm",Augusta
"/media/Dados/bases/SWDE/nbaplayer/nbaplayer-wiki/0041.htm",Huntington
"/media/Dados/bases/SWDE/nbaplayer/nbaplayer-wiki/0130.htm","Detroit, Michigan"
"/media/Dados/bases/SWDE/nbaplayer/nbaplayer-wiki/0345.htm","Kansas City, Kansas"
"/media/Dados/bases/SWDE/nbaplayer/nbaplayer-wiki/0038.htm","Syracuse, New York"
"/media/Dados/bases/SWDE/nbaplayer/nbaplayer-wiki/0404.htm",Port-au-Prince
"/media/Dados/bases/SWDE/nbaplayer/nbaplayer-wiki/0326.htm",Brazzaville
"/media/Dados/bases/SWDE/nbaplayer/nbaplayer-wiki/0078.htm","Brooklyn, NY"
"/media/Dados/bases/SWDE/nbaplayer/nbaplayer-wiki/0289.htm",Freehold
"/media/Dados/bases/SWDE/nbaplayer/nbaplayer-wiki/0280.htm",Staten Island
"/media/Dados/bases/SWDE/nbaplayer/nbaplayer-wiki/0270.htm","Indianapolis, Indiana"
"/media/Dados/bases/SWDE/nbaplayer/nbaplayer-wiki/0028.htm",Seattle
"/media/Dados/bases/SWDE/nbaplayer/nbaplayer-wiki/0159.htm",Cormeilles
"/media/Dados/bases/SWDE/nbaplayer/nbaplayer-wiki/0393.htm","San Diego, California"
"/media/Dados/bases/SWDE/nbaplayer/nbaplayer-wiki/0050.htm","Santa Fe, Argentina"
"/media/Dados/bases/SWDE/nbaplayer/nbaplayer-wiki/0312.htm",Auckland
"/media/Dados/bases/SWDE/nbaplayer/nbaplayer-wiki/0010.htm","Oakland, California"
"/media/Dados/bases/SWDE/nbaplayer/nbaplayer-wiki/0412.htm",Celje
"/media/Dados/bases/SWDE/nbaplayer/nbaplayer-wiki/0386.htm","Demopolis, Alabama"
"/media/Dados/bases/SWDE/nbaplayer/nbaplayer-wiki/0212.htm",Saint-Étienne
"/media/Dados/bases/SWDE/nbaplayer/nbaplayer-wiki/0020.htm","Hobbs, New Mexico"
"/media/Dados/bases/SWDE/nbaplayer/nbaplayer-wiki/0101.htm","Chicago, Illinois"
"/media/Dados/bases/SWDE/nbaplayer/nbaplayer-wiki/0155.htm","Oakland, California"
"/media/Dados/bases/SWDE/nbaplayer/nbaplayer-wiki/0323.htm","Washington, D.C."
"/media/Dados/bases/SWDE/nbaplayer/nbaplayer-wiki/0117.htm",Queens
"/media/Dados/bases/SWDE/nbaplayer/nbaplayer-wiki/0086.htm",Ft. Lauderdale
"/media/Dados/bases/SWDE/nbaplayer/nbaplayer-wiki/0379.htm",Philadelphia
"/media/Dados/bases/SWDE/nbaplayer/nbaplayer-wiki/0098.htm",London
"/media/Dados/bases/SWDE/nbaplayer/nbaplayer-wiki/0059.htm",Villanueva de la Serena
"/media/Dados/bases/SWDE/nbaplayer/nbaplayer-wiki/0071.htm",Aschaffenburg
"/media/Dados/bases/SWDE/nbaplayer/nbaplayer-wiki/0165.htm",Ciudad Meoqui
"/media/Dados/bases/SWDE/nbaplayer/nbaplayer-wiki/0296.htm","Buffalo, New York"
"/media/Dados/bases/SWDE/nbaplayer/nbaplayer-wiki/0352.htm","Akron, Ohio"
"/media/Dados/bases/SWDE/nbaplayer/nbaplayer-wiki/0239.htm",Chicago
"/media/Dados/bases/SWDE/nbaplayer/nbaplayer-wiki/0164.htm",Chicago
"/media/Dados/bases/SWDE/nbaplayer/nbaplayer-wiki/0286.htm","Clinton, Maryland"
"/media/Dados/bases/SWDE/nbaplayer/nbaplayer-wiki/0401.htm",Philadelphia
"/media/Dados/bases/SWDE/nbaplayer/nbaplayer-wiki/0194.htm","Sacramento, California"
"/media/Dados/bases/SWDE/nbaplayer/nbaplayer-wiki/0124.htm","Brooklyn, New York"
"/media/Dados/bases/SWDE/nbaplayer/nbaplayer-wiki/0224.htm","Seattle, Washington"
"/media/Dados/bases/SWDE/nbaplayer/nbaplayer-wiki/0336.htm","Crossett, Arkansas"
"/media/Dados/bases/SWDE/nbaplayer/nbaplayer-wiki/0262.htm","Fresno, California"
"/media/Dados/bases/SWDE/nbaplayer/nbaplayer-wiki/0156.htm",Charleston
"/media/Dados/bases/SWDE/nbaplayer/nbaplayer-wiki/0252.htm",Miami
"/media/Dados/bases/SWDE/nbaplayer/nbaplayer-wiki/0005.htm","Greenville, South Carolina"
"/media/Dados/bases/SWDE/nbaplayer/nbaplayer-wiki/0157.htm",Pittsburgh
"/media/Dados/bases/SWDE/nbaplayer/nbaplayer-wiki/0217.htm","New York City, New York"
"/media/Dados/bases/SWDE/nbaplayer/nbaplayer-wiki/0104.htm",Compton
"/media/Dados/bases/SWDE/nbaplayer/nbaplayer-wiki/0321.htm","Orange City, Iowa"
"/media/Dados/bases/SWDE/nbaplayer/nbaplayer-wiki/0380.htm",Plainsboro
"/media/Dados/bases/SWDE/nbaplayer/nbaplayer-wiki/0189.htm","Daytona Beach, Florida"
"/media/Dados/bases/SWDE/nbaplayer/nbaplayer-wiki/0128.htm","Santa Fe, Argentina"
"/media/Dados/bases/SWDE/nbaplayer/nbaplayer-wiki/0107.htm",Queens
"/media/Dados/bases/SWDE/nbaplayer/nbaplayer-wiki/0325.htm",Los Angeles
"/media/Dados/bases/SWDE/nbaplayer/nbaplayer-wiki/0118.htm",Trenton
"/media/Dados/bases/SWDE/nbaplayer/nbaplayer-wiki/0356.htm",Trebinje
"/media/Dados/bases/SWDE/nbaplayer/nbaplayer-wiki/0146.htm",Tbilisi
"/media/Dados/bases/SWDE/nbaplayer/nbaplayer-wiki/0203.htm","Winston-Salem, North Carolina"
"/media/Dados/bases/SWDE/nbaplayer/nbaplayer-wiki/0300.htm",Novi Sad
"/media/Dados/bases/SWDE/nbaplayer/nbaplayer-wiki/0305.htm","Dallas, Texas"
"/media/Dados/bases/SWDE/nbaplayer/nbaplayer-wiki/0195.htm","Willingboro, New Jersey"
"/media/Dados/bases/SWDE/nbaplayer/nbaplayer-wiki/0299.htm",Santa Monica
"/media/Dados/bases/SWDE/nbaplayer/nbaplayer-wiki/0400.htm",Gaziosmanpaşa
"/media/Dados/bases/SWDE/nbaplayer/nbaplayer-wiki/0248.htm",Dar es Salaam
"/media/Dados/bases/SWDE/nbaplayer/nbaplayer-wiki/0238.htm",Shanghai
"/media/Dados/bases/SWDE/nbaplayer/nbaplayer-wiki/0271.htm","Los Angeles, California"
"/media/Dados/bases/SWDE/nbaplayer/nbaplayer-wiki/0061.htm","Compton, California"
"/media/Dados/bases/SWDE/nbaplayer/nbaplayer-wiki/0123.htm","Kansas City, Missouri"
"/media/Dados/bases/SWDE/nbaplayer/nbaplayer-wiki/0094.htm","Cleveland, Ohio"
"/media/Dados/bases/SWDE/nbaplayer/nbaplayer-wiki/0188.htm","Chester, Pennsylvania"
"/media/Dados/bases/SWDE/nbaplayer/nbaplayer-wiki/0085.htm","Detroit, Michigan"
"/media/Dados/bases/SWDE/nbaplayer/nbaplayer-wiki/0199.htm","Syracuse, New York"
"/media/Dados/bases/SWDE/nbaplayer/nbaplayer-wiki/0053.htm","Chicago, Illinois"
"/media/Dados/bases/SWDE/nbaplayer/nbaplayer-wiki/0257.htm",Kinshasa
"/media/Dados/bases/SWDE/nbaplayer/nbaplayer-wiki/0343.htm",Yalova
"/media/Dados/bases/SWDE/nbaplayer/nbaplayer-wiki/0329.htm","Canal Winchester, Ohio"
"/media/Dados/bases/SWDE/nbaplayer/nbaplayer-wiki/0031.htm",Harvey
"/media/Dados/bases/SWDE/nbaplayer/nbaplayer-wiki/0043.htm","Dallas, Texas"
"/media/Dados/bases/SWDE/nbaplayer/nbaplayer-wiki/0268.htm",Christiansted
"/media/Dados/bases/SWDE/nbaplayer/nbaplayer-wiki/0273.htm",Baltimore
"/media/Dados/bases/SWDE/nbaplayer/nbaplayer-wiki/0030.htm","Benton Harbor, Michigan"
"/media/Dados/bases/SWDE/nbaplayer/nbaplayer-wiki/0408.htm",Chicago
"/media/Dados/bases/SWDE/nbaplayer/nbaplayer-wiki/0034.htm",Long Beach
"/media/Dados/bases/SWDE/nbaplayer/nbaplayer-wiki/0266.htm",Pittsburgh
"/media/Dados/bases/SWDE/nbaplayer/nbaplayer-wiki/0313.htm",San Antonio
"/media/Dados/bases/SWDE/nbaplayer/nbaplayer-wiki/0032.htm",Jonesboro
"/media/Dados/bases/SWDE/nbaplayer/nbaplayer-wiki/0328.htm",Raeford
"/media/Dados/bases/SWDE/nbaplayer/nbaplayer-wiki/0283.htm","Harvey, Illinois"
"/media/Dados/bases/SWDE/nbaplayer/nbaplayer-wiki/0076.htm","Washington, D.C."
"/media/Dados/bases/SWDE/nbaplayer/nbaplayer-wiki/0397.htm",Johannesburg
"/media/Dados/bases/SWDE/nbaplayer/nbaplayer-wiki/0359.htm",Nashville
"/media/Dados/bases/SWDE/nbaplayer/nbaplayer-wiki/0362.htm","Birmingham, Alabama"
"/media/Dados/bases/SWDE/nbaplayer/nbaplayer-wiki/0099.htm","Coatesville, Pennsylvania"
"/media/Dados/bases/SWDE/nbaplayer/nbaplayer-wiki/0077.htm","Cheyenne, Wyoming"
"/media/Dados/bases/SWDE/nbaplayer/nbaplayer-wiki/0241.htm","Birmingham, Alabama"
"/media/Dados/bases/SWDE/nbaplayer/nbaplayer-wiki/0019.htm",Minneapolis
"/media/Dados/bases/SWDE/nbaplayer/nbaplayer-wiki/0357.htm",Edmond
"/media/Dados/bases/SWDE/nbaplayer/nbaplayer-wiki/0263.htm",Kersey
"/media/Dados/bases/SWDE/nbaplayer/nbaplayer-wiki/0389.htm",Clarksdale
"/media/Dados/bases/SWDE/nbaplayer/nbaplayer-wiki/0202.htm","Sioux City, Iowa"
"/media/Dados/bases/SWDE/nbaplayer/nbaplayer-wiki/0044.htm","Cortlandt Manor, New York"
"/media/Dados/bases/SWDE/nbaplayer/nbaplayer-wiki/0140.htm",Cherry Hill
"/media/Dados/bases/SWDE/nbaplayer/nbaplayer-wiki/0391.htm","Plainfield, New Jersey"
"/media/Dados/bases/SWDE/nbaplayer/nbaplayer-wiki/0229.htm",Atlanta
"/media/Dados/bases/SWDE/nbaplayer/nbaplayer-wiki/0170.htm",Dallas
"/media/Dados/bases/SWDE/nbaplayer/nbaplayer-wiki/0214.htm","Racine, Wisconsin"
"/media/Dados/bases/SWDE/nbaplayer/nbaplayer-wiki/0201.htm","Riviera Beach, Florida"
"/media/Dados/bases/SWDE/nbaplayer/nbaplayer-wiki/0026.htm",Dallas
"/media/Dados/bases/SWDE/nbaplayer/nbaplayer-wiki/0015.htm",Los Angeles
"/media/Dados/bases/SWDE/nbaplayer/nbaplayer-wiki/0042.htm",Memphis
"/media/Dados/bases/SWDE/nbaplayer/nbaplayer-wiki/0161.htm",Port Arthur
"/media/Dados/bases/SWDE/nbaplayer/nbaplayer-wiki/0109.htm","Memphis, Tennessee"
"/media/Dados/bases/SWDE/nbaplayer/nbaplayer-wiki/0088.htm","Shreveport, Louisiana"
"/media/Dados/bases/SWDE/nbaplayer/nbaplayer-wiki/0258.htm","Fort Washington, Maryland"
"/media/Dados/bases/SWDE/nbaplayer/nbaplayer-wiki/0403.htm","Mobile, Alabama"
"/media/Dados/bases/SWDE/nbaplayer/nbaplayer-wiki/0037.htm",West Germany
"/media/Dados/bases/SWDE/nbaplayer/nbaplayer-wiki/0046.htm","Chatsworth, California"
"/media/Dados/bases/SWDE/nbaplayer/nbaplayer-wiki/0022.htm",Charlotte
"/media/Dados/bases/SWDE/nbaplayer/nbaplayer-wiki/0009.htm",Nederland
"/media/Dados/bases/SWDE/nbaplayer/nbaplayer-wiki/0410.htm","Milwaukee, Wisconsin"
"/media/Dados/bases/SWDE/nbaplayer/nbaplayer-wiki/0318.htm",Seattle
"/media/Dados/bases/SWDE/nbaplayer/nbaplayer-wiki/0167.htm",Sylacauga
"/media/Dados/bases/SWDE/nbaplayer/nbaplayer-wiki/0021.htm","North Hollywood, California"
"/media/Dados/bases/SWDE/nbaplayer/nbaplayer-wiki/0186.htm",Atlanta
"/media/Dados/bases/SWDE/nbaplayer/nbaplayer-wiki/0211.htm",Los Angeles
"/media/Dados/bases/SWDE/nbaplayer/nbaplayer-wiki/0378.htm","Maywood, Illinois"
"/media/Dados/bases/SWDE/nbaplayer/nbaplayer-wiki/0175.htm",Chicago
"/media/Dados/bases/SWDE/nbaplayer/nbaplayer-wiki/0413.htm",San Antonio
"/media/Dados/bases/SWDE/nbaplayer/nbaplayer-wiki/0196.htm","Belle, West Virginia"
"/media/Dados/bases/SWDE/nbaplayer/nbaplayer-wiki/0230.htm",Bloomington
"/media/Dados/bases/SWDE/nbaplayer/nbaplayer-wiki/0278.htm",Long Beach
"/media/Dados/bases/SWDE/nbaplayer/nbaplayer-wiki/0144.htm",Puerto Plata
"/media/Dados/bases/SWDE/nbaplayer/nbaplayer-wiki/0369.htm",Indianapolis
"/media/Dados/bases/SWDE/nbaplayer/nbaplayer-wiki/0153.htm","Washington, North Carolina"
"/media/Dados/bases/SWDE/nbaplayer/nbaplayer-wiki/0235.htm",Buenos Aires
"/media/Dados/bases/SWDE/nbaplayer/nbaplayer-wiki/0190.htm",Les Abymes
"/media/Dados/bases/SWDE/nbaplayer/nbaplayer-wiki/0007.htm",Columbia
"/media/Dados/bases/SWDE/nbaplayer/nbaplayer-wiki/0135.htm",Yaoundé
"/media/Dados/bases/SWDE/nbaplayer/nbaplayer-wiki/0216.htm","Hanford, California"
"/media/Dados/bases/SWDE/nbaplayer/nbaplayer-wiki/0287.htm","Saginaw, Michigan"
"/media/Dados/bases/SWDE/nbaplayer/nbaplayer-wiki/0152.htm","Bremerton, Washington"
"/media/Dados/bases/SWDE/nbaplayer/nbaplayer-wiki/0193.htm",Baton Rouge
"/media/Dados/bases/SWDE/nbaplayer/nbaplayer-wiki/0184.htm","Cookeville, Tennessee"
"/media/Dados/bases/SWDE/nbaplayer/nbaplayer-wiki/0215.htm",Tolono
"/media/Dados/bases/SWDE/nbaplayer/nbaplayer-wiki/0247.htm","Marion, Indiana"
"/media/Dados/bases/SWDE/nbaplayer/nbaplayer-wiki/0013.htm","Homer, Louisiana"
"/media/Dados/bases/SWDE/nbaplayer/nbaplayer-wiki/0064.htm",Los Angeles
"/media/Dados/bases/SWDE/nbaplayer/nbaplayer-wiki/0133.htm","Compton, California"
"/media/Dados/bases/SWDE/nbaplayer/nbaplayer-wiki/0049.htm",Norcross
"/media/Dados/bases/SWDE/nbaplayer/nbaplayer-wiki/0209.htm","Raleigh, North Carolina"
"/media/Dados/bases/SWDE/nbaplayer/nbaplayer-wiki/0316.htm","Buffalo, New York"
"/media/Dados/bases/SWDE/nbaplayer/nbaplayer-wiki/0172.htm","Jackson, Mississippi"
"/media/Dados/bases/SWDE/nbaplayer/nbaplayer-wiki/0181.htm",Rosenberg
"/media/Dados/bases/SWDE/nbaplayer/nbaplayer-wiki/0112.htm",Houston
"/media/Dados/bases/SWDE/nbaplayer/nbaplayer-wiki/0293.htm","Wynnewood, Pennsylvania"
"/media/Dados/bases/SWDE/nbaplayer/nbaplayer-wiki/0116.htm","Poplar Bluff, Missouri"
"/media/Dados/bases/SWDE/nbaplayer/nbaplayer-wiki/0219.htm",Rouen
"/media/Dados/bases/SWDE/nbaplayer/nbaplayer-wiki/0346.htm","Parkersburg, West Virginia"
"/media/Dados/bases/SWDE/nbaplayer/nbaplayer-wiki/0371.htm","Houston, Texas"
"/media/Dados/bases/SWDE/nbaplayer/nbaplayer-wiki/0242.htm",Barcelona
"/media/Dados/bases/SWDE/nbaplayer/nbaplayer-wiki/0024.htm","Starkville, Mississippi"
"/media/Dados/bases/SWDE/nbaplayer/nbaplayer-wiki/0006.htm",Decatur
"/media/Dados/bases/SWDE/nbaplayer/nbaplayer-wiki/0162.htm","Peoria, Illinois"
"/media/Dados/bases/SWDE/nbaplayer/nbaplayer-wiki/0383.htm",Little Rock
"/media/Dados/bases/SWDE/nbaplayer/nbaplayer-wiki/0340.htm",Izhevsk
"/media/Dados/bases/SWDE/nbaplayer/nbaplayer-wiki/0279.htm","Brooklyn, New York"
"/media/Dados/bases/SWDE/nbaplayer/nbaplayer-wiki/0039.htm","Lake Wales, Florida"
"/media/Dados/bases/SWDE/nbaplayer/nbaplayer-wiki/0151.htm",Harlem
"/media/Dados/bases/SWDE/nbaplayer/nbaplayer-wiki/0395.htm",Dallas
"/media/Dados/bases/SWDE/nbaplayer/nbaplayer-wiki/0000.htm",Castle Air Force Base
"/media/Dados/bases/SWDE/nbaplayer/nbaplayer-wiki/0205.htm","Flint, Michigan"
"/media/Dados/bases/SWDE/nbaplayer/nbaplayer-wiki/0138.htm","Fort Pierce, Florida"
"/media/Dados/bases/SWDE/nbaplayer/nbaplayer-wiki/0282.htm",Atlanta
"/media/Dados/bases/SWDE/nbaplayer/nbaplayer-wiki/0225.htm",Birmingham
"/media/Dados/bases/SWDE/nbaplayer/nbaplayer-wiki/0307.htm",Lisieux
"/media/Dados/bases/SWDE/nbaplayer/nbaplayer-wiki/0206.htm",Dakar
"/media/Dados/bases/SWDE/nbaplayer/nbaplayer-wiki/0048.htm","Long Beach, California"
"/media/Dados/bases/SWDE/nbaplayer/nbaplayer-wiki/0218.htm",San Francisco
"/media/Dados/bases/SWDE/nbaplayer/nbaplayer-wiki/0308.htm","Hartford, Connecticut"
"/media/Dados/bases/SWDE/nbaplayer/nbaplayer-wiki/0115.htm",New Orleans
"/media/Dados/bases/SWDE/nbaplayer/nbaplayer-wiki/0387.htm",Maribor
"/media/Dados/bases/SWDE/nbaplayer/nbaplayer-wiki/0228.htm","San Leandro, California"
"/media/Dados/bases/SWDE/nbaplayer/nbaplayer-wiki/0025.htm",Paris
"/media/Dados/bases/SWDE/nbaplayer/nbaplayer-wiki/0291.htm",Frederick
"/media/Dados/bases/SWDE/nbaplayer/nbaplayer-wiki/0339.htm","Monticello, Mississippi"
"/media/Dados/bases/SWDE/nbaplayer/nbaplayer-wiki/0213.htm","Mayagüez, Puerto Rico"
"/media/Dados/bases/SWDE/nbaplayer/nbaplayer-wiki/0265.htm","Teaneck, New Jersey"
"/media/Dados/bases/SWDE/nbaplayer/nbaplayer-wiki/0275.htm",New Orleans
"/media/Dados/bases/SWDE/nbaplayer/nbaplayer-wiki/0178.htm",Miami
"/media/Dados/bases/SWDE/nbaplayer/nbaplayer-wiki/0113.htm",San Antonio
"/media/Dados/bases/SWDE/nbaplayer/nbaplayer-wiki/0148.htm",College Park
"/media/Dados/bases/SWDE/nbaplayer/nbaplayer-wiki/0232.htm",Philadelphia
"/media/Dados/bases/SWDE/nbaplayer/nbaplayer-wiki/0350.htm",Riga
"/media/Dados/bases/SWDE/nbaplayer/nbaplayer-wiki/0222.htm",Würzburg
"/media/Dados/bases/SWDE/nbaplayer/nbaplayer-wiki/0351.htm",Indianapolis
"/media/Dados/bases/SWDE/nbaplayer/nbaplayer-wiki/0055.htm","New Orleans, Louisiana"
"/media/Dados/bases/SWDE/nbaplayer/nbaplayer-wiki/0250.htm","Washington,D.C"
"/media/Dados/bases/SWDE/nbaplayer/nbaplayer-wiki/0018.htm",Milwaukee
"/media/Dados/bases/SWDE/nbaplayer/nbaplayer-wiki/0149.htm",Loudeac
"/media/Dados/bases/SWDE/nbaplayer/nbaplayer-wiki/0210.htm",Heshan
"/media/Dados/bases/SWDE/nbaplayer/nbaplayer-wiki/0110.htm",Raleigh
"/media/Dados/bases/SWDE/nbaplayer/nbaplayer-wiki/0125.htm","Endeavour Hills, Victoria"
"/media/Dados/bases/SWDE/nbaplayer/nbaplayer-wiki/0187.htm",Łódź
"/media/Dados/bases/SWDE/nbaplayer/nbaplayer-wiki/0169.htm",Fajardo
"/media/Dados/bases/SWDE/nbaplayer/nbaplayer-wiki/0384.htm",Barcelona
"/media/Dados/bases/SWDE/nbaplayer/nbaplayer-wiki/0056.htm",São Paulo
"/media/Dados/bases/SWDE/nbaplayer/nbaplayer-wiki/0168.htm",Montreal
"/media/Dados/bases/SWDE/nbaplayer/nbaplayer-wiki/0183.htm",Chicago
"/media/Dados/bases/SWDE/nbaplayer/nbaplayer-wiki/0255.htm","Tarzana, California"
"/media/Dados/bases/SWDE/nbaplayer/nbaplayer-wiki/0066.htm",Požega
"/media/Dados/bases/SWDE/nbaplayer/nbaplayer-wiki/0122.htm","Orange, New Jersey"
"/media/Dados/bases/SWDE/nbaplayer/nbaplayer-wiki/0292.htm","Portland, Tennessee"
"/media/Dados/bases/SWDE/nbaplayer/nbaplayer-wiki/0349.htm","Flint, Michigan"
"/media/Dados/bases/SWDE/nbaplayer/nbaplayer-wiki/0096.htm",Chicago
"/media/Dados/bases/SWDE/nbaplayer/nbaplayer-wiki/0315.htm",Canberra
"/media/Dados/bases/SWDE/nbaplayer/nbaplayer-wiki/0332.htm","Long Beach, California"
"/media/Dados/bases/SWDE/nbaplayer/nbaplayer-wiki/0220.htm","Waukegan, Illinois"
"/media/Dados/bases/SWDE/nbaplayer/nbaplayer-wiki/0090.htm","Naperville, Illinois"
"/media/Dados/bases/SWDE/nbaplayer/nbaplayer-wiki/0052.htm","St. Petersburg, Florida"
"/media/Dados/bases/SWDE/nbaplayer/nbaplayer-wiki/0354.htm","St. Louis, Missouri"
